{"cameraMode":{"drawMode":0,"name":"Shaded","section":"Shading Mode"},"sceneLighting":false,"audioPlay":false,"sceneViewState":{"m_AlwaysRefresh":false,"showFog":true,"showSkybox":false,"showFlares":true,"showImageEffects":true,"showParticleSystems":true,"showVisualEffectGraphs":true,"m_FxEnabled":true},"in2DMode":false,"pivot":{"x":0.022512495517730714,"y":0.19393283128738404,"z":-0.8685731887817383},"rotation":{"x":-0.06111248582601547,"y":0.7762388586997986,"z":-0.07616901397705078,"w":-0.6228490471839905},"size":2.628244400024414,"orthographic":false}