{"cameraMode":{"drawMode":0,"name":"Shaded","section":"Shading Mode"},"sceneLighting":false,"audioPlay":false,"sceneViewState":{"m_AlwaysRefresh":false,"showFog":true,"showSkybox":false,"showFlares":true,"showImageEffects":true,"showParticleSystems":true,"showVisualEffectGraphs":true,"m_FxEnabled":true},"in2DMode":false,"pivot":{"x":0.32982805371284487,"y":-0.07508151233196259,"z":-0.145555317401886},"rotation":{"x":0.07217379659414292,"y":0.9272483587265015,"z":-0.2765088677406311,"w":0.24200764298439027},"size":0.13179263472557069,"orthographic":false}