{"cameraMode":{"drawMode":0,"name":"Shaded","section":"Shading Mode"},"sceneLighting":false,"audioPlay":false,"sceneViewState":{"m_AlwaysRefresh":false,"showFog":true,"showSkybox":false,"showFlares":true,"showImageEffects":true,"showParticleSystems":true,"showVisualEffectGraphs":true,"m_FxEnabled":true},"in2DMode":false,"pivot":{"x":-0.0013428032398223878,"y":0.2070634663105011,"z":0.06991320848464966},"rotation":{"x":-0.06111248582601547,"y":0.7762388586997986,"z":-0.07616901397705078,"w":-0.6228490471839905},"size":0.47022974491119387,"orthographic":false}