{"cameraMode":{"drawMode":0,"name":"Shaded","section":"Shading Mode"},"sceneLighting":false,"audioPlay":false,"sceneViewState":{"m_AlwaysRefresh":false,"showFog":true,"showSkybox":false,"showFlares":true,"showImageEffects":true,"showParticleSystems":true,"showVisualEffectGraphs":true,"m_FxEnabled":true},"in2DMode":false,"pivot":{"x":-0.031435251235961917,"y":1.6377160549163819,"z":12.147340774536133},"rotation":{"x":-0.07523568719625473,"y":0.009570589289069176,"z":-0.0007260610582306981,"w":-0.9971315860748291},"size":13.82166862487793,"orthographic":false}