{"cameraMode":{"drawMode":0,"name":"Shaded","section":"Shading Mode"},"sceneLighting":false,"audioPlay":false,"sceneViewState":{"m_AlwaysRefresh":false,"showFog":true,"showSkybox":false,"showFlares":true,"showImageEffects":true,"showParticleSystems":true,"showVisualEffectGraphs":true,"m_FxEnabled":true},"in2DMode":false,"pivot":{"x":0.0000013560056686401368,"y":0.4005330502986908,"z":-0.0037629902362823488},"rotation":{"x":-0.02397632785141468,"y":0.94309002161026,"z":-0.06973680108785629,"w":-0.32429516315460207},"size":0.6076542735099793,"orthographic":false}